email,subject,message
brunomileto@outlook.com,asdasd,asdasd
brunomileto@outlook.com,asdasd,asdasd
brunomileto@outlook.com,asdasd,asdasd
brunomileto@outlook.com,asdasd,asdasd
brunomileto@outlook.com,asdasd,asdasd
brunomileto@outlook.com,TESTANDO,asdasdasd
brunomileto@outlook.com,TESTANDO,asdasdasd
brunomileto@outlook.com,TESTANDO,asdasdasd
brunomileto@outlook.com,asd,asdasd
brunomileto@outlook.com,asd,asdasd
brunomileto@outlook.com,asd,asdasd
brunomileto@outlook.com,asd,asdasd
brunomileto@outlook.com,asdasd,asdasd
brunomileto@outlook.com,asdasd,asdasd
brunomileto@outlook.com,asdasd,asdasd
brunomileto@outlook.com,asdasd,asdasd
brunomileto@outlook.com,asdasd,asdasd
brunomileto@outlook.com,asdasd,asdasd
brunomileto@outlook.com,TESTANDO,asdasdas
brunomileto@outlook.com,asdasd,adgadgadg
brunomileto@outlook.com,ADFGHADGHA,HHHHHHHHHHHH
brunomileto@outlook.com,ADFGHADGHA,HHHHHHHHHHHH
brunomileto@outlook.com,Test subject,Test message
